{
  "users": [
    {
      "id": 1700581857419,
      "email": "a@mail.ru",
      "password": "11997979Nk",
      "date": "21.11.2023, 18:50:57"
    },
    {
      "id": 1700999434678,
      "email": "admin@mail.ru",
      "password": "123123Zxc",
      "date": "26.11.2023, 14:50:34"
    },
    {
      "id": 1701451128328,
      "email": "aaa@mail.ru",
      "password": "123123Nm",
      "date": "01.12.2023, 20:18:48"
    },
    {
      "id": 1701608802867,
      "email": "g@mail.ru",
      "password": "111111Nb",
      "date": 1701608802867
    }
  ],
  "notes": [
    {
      "id": 1700774318404,
      "authorId": "1700672075630",
      "title": "222",
      "text": "111",
      "createdAt": 1700774318404
    },
    {
      "id": 1700999448615,
      "authorId": "1700999434678",
      "title": "1 Not",
      "text": "wecmk",
      "createdAt": 1700999448615
    },
    {
      "id": 1701001776018,
      "authorId": "1700999434678",
      "title": "d",
      "text": "d",
      "createdAt": 1701001776018
    },
    {
      "id": 1701617594911,
      "authorId": "1701608802867",
      "title": "kmv",
      "text": "fvf",
      "createdAt": 1701617594911
    },
    {
      "id": 1701617879520,
      "authorId": "1701608802867",
      "title": "ss11",
      "text": "sss",
      "createdAt": 1701617879520
    },
    {
      "id": 1701620044525,
      "authorId": "1700581857419",
      "title": "dkvmkdf",
      "text": "l;fdm;flm",
      "createdAt": 1701620044525
    }
  ]
}